"No","Club","Month","Metric","Club Target"
"1","AMY","2026-03","NMS","62957.7920535721"
"1","AMY","2026-03","PT","68755"
"1","AMY","2026-03","PT Supplement","4051.5"
"1","AMY","2026-03","PTSS served","2225"
"1","AMY","2026-03","Hypoxi","0"
"1","AMY","2026-03","Relationship Mgr (Pro/PT)","2003"
"1","AMY","2026-03","Business Mgr (Pro/PT)","3339"
"1","AMY","2026-03","No of guests by Sales, Local MKT by club","155"
"1","AMY","2026-03","No of NMU","70"
"1","AMY","2026-03","No of new PT clients","30"
"1","AMY","2026-04","NMS","60700"
"1","AMY","2026-04","PT","67500"
"1","AMY","2026-04","Supplement","3500"
"1","AMY","2026-04","PTSS","1900"
"1","AMY","2026-04","Hypoxi","0"
"1","AMY","2026-04","Relationship Mgr (Pro/PT)","2000"
"1","AMY","2026-04","Business Mgr (Pro/PT)","3300"
"1","AMY","2026-04","No of guests created by Pro.","150.35"
"1","AMY","2026-04","No of NMU","50"
"1","AMY","2026-04","No of new PT clients","24"
"1","AMY","2026-05","NMS","60700"
"1","AMY","2026-05","PT","67500"
"1","AMY","2026-05","Supplement","3500"
"1","AMY","2026-05","PTSS","1900"
"1","AMY","2026-05","Hypoxi","0"
"1","AMY","2026-05","Relationship Mgr (Pro/PT)","2000"
"1","AMY","2026-05","Business Mgr (Pro/PT)","3300"
"1","AMY","2026-05","No of guests created by Pro.","150"
"1","AMY","2026-05","No of NMU","50"
"1","AMY","2026-05","No of new PT clients","24"
"1","AMY","2026-05","Califresh","3346.16403133903"
"1","AMY","2026-05","Retail","575"
"2","BDS","2026-03","NMS","73720"
"2","BDS","2026-03","PT","79285.2094025161"
"2","BDS","2026-03","PT Supplement","3885"
"2","BDS","2026-03","PTSS served","3028"
"2","BDS","2026-03","Hypoxi","0"
"2","BDS","2026-03","Relationship Mgr (Pro/PT)","2004"
"2","BDS","2026-03","Business Mgr (Pro/PT)","3339"
"2","BDS","2026-03","No of guests by Sales, Local MKT by club","155"
"2","BDS","2026-03","No of NMU","70"
"2","BDS","2026-03","No of new PT clients","30"
"2","BDS","2026-04","NMS","65000"
"2","BDS","2026-04","PT","72000"
"2","BDS","2026-04","Supplement","3500"
"2","BDS","2026-04","PTSS","2100"
"2","BDS","2026-04","Hypoxi","0"
"2","BDS","2026-04","Relationship Mgr (Pro/PT)","2000"
"2","BDS","2026-04","Business Mgr (Pro/PT)","3300"
"2","BDS","2026-04","No of guests created by Pro.","150.35"
"2","BDS","2026-04","No of NMU","50"
"2","BDS","2026-04","No of new PT clients","24"
"2","BDS","2026-05","NMS","65000"
"2","BDS","2026-05","PT","72000"
"2","BDS","2026-05","Supplement","3500"
"2","BDS","2026-05","PTSS","2100"
"2","BDS","2026-05","Hypoxi","0"
"2","BDS","2026-05","Relationship Mgr (Pro/PT)","2000"
"2","BDS","2026-05","Business Mgr (Pro/PT)","3300"
"2","BDS","2026-05","No of guests created by Pro.","150"
"2","BDS","2026-05","No of NMU","50"
"2","BDS","2026-05","No of new PT clients","24"
"2","BDS","2026-05","Califresh","3153.85633903134"
"2","BDS","2026-05","Retail","575"
"4","FDC","2026-03","NMS","62764.9439803961"
"4","FDC","2026-03","PT","67636"
"4","FDC","2026-03","PT Supplement","4051.5"
"4","FDC","2026-03","PTSS served","2009"
"4","FDC","2026-03","Hypoxi","0"
"4","FDC","2026-03","Relationship Mgr (Pro/PT)","2003"
"4","FDC","2026-03","Business Mgr (Pro/PT)","3339"
"4","FDC","2026-03","No of guests by Sales, Local MKT by club","155"
"4","FDC","2026-03","No of NMU","70"
"4","FDC","2026-03","No of new PT clients","30"
"4","FDC","2026-04","NMS","61800"
"4","FDC","2026-04","PT","65400"
"4","FDC","2026-04","Supplement","3500"
"4","FDC","2026-04","PTSS","1850"
"4","FDC","2026-04","Hypoxi","0"
"4","FDC","2026-04","Relationship Mgr (Pro/PT)","2000"
"4","FDC","2026-04","Business Mgr (Pro/PT)","3300"
"4","FDC","2026-04","No of guests created by Pro.","150.35"
"4","FDC","2026-04","No of NMU","50"
"4","FDC","2026-04","No of new PT clients","24"
"4","FDC","2026-05","NMS","62000"
"4","FDC","2026-05","PT","65400"
"4","FDC","2026-05","Supplement","3500"
"4","FDC","2026-05","PTSS","1850"
"4","FDC","2026-05","Hypoxi","0"
"4","FDC","2026-05","Relationship Mgr (Pro/PT)","2000"
"4","FDC","2026-05","Business Mgr (Pro/PT)","3300"
"4","FDC","2026-05","No of guests created by Pro.","150"
"4","FDC","2026-05","No of NMU","50"
"4","FDC","2026-05","No of new PT clients","24"
"4","FDC","2026-05","Califresh","2153.85633903134"
"4","FDC","2026-05","Retail","575"
"5","GMC","2026-03","NMS","75000"
"5","GMC","2026-03","PT","51607"
"5","GMC","2026-03","PT Supplement","3607.5"
"5","GMC","2026-03","PTSS served","1329"
"5","GMC","2026-03","Hypoxi","7500"
"5","GMC","2026-03","Relationship Mgr (Pro/PT)","2003"
"5","GMC","2026-03","Business Mgr (Pro/PT)","3339"
"5","GMC","2026-03","No of guests by Sales, Local MKT by club","180"
"5","GMC","2026-03","No of NMU","70"
"5","GMC","2026-03","No of new PT clients","30"
"5","GMC","2026-04","NMS","69100"
"5","GMC","2026-04","PT","53000"
"5","GMC","2026-04","Supplement","3000"
"5","GMC","2026-04","PTSS","1450"
"5","GMC","2026-04","Hypoxi","8000"
"5","GMC","2026-04","Relationship Mgr (Pro/PT)","2000"
"5","GMC","2026-04","Business Mgr (Pro/PT)","3300"
"5","GMC","2026-04","No of guests created by Pro.","174.6"
"5","GMC","2026-04","No of NMU","50"
"5","GMC","2026-04","No of new PT clients","24"
"5","GMC","2026-05","NMS","72000"
"5","GMC","2026-05","PT","53000"
"5","GMC","2026-05","Supplement","3000"
"5","GMC","2026-05","PTSS","1450"
"5","GMC","2026-05","Hypoxi","8000"
"5","GMC","2026-05","Relationship Mgr (Pro/PT)","2000"
"5","GMC","2026-05","Business Mgr (Pro/PT)","3300"
"5","GMC","2026-05","No of guests created by Pro.","175"
"5","GMC","2026-05","No of NMU","50"
"5","GMC","2026-05","No of new PT clients","24"
"5","GMC","2026-05","Califresh","2730.77941595442"
"5","GMC","2026-05","Retail","575"
"6","HVP","2026-03","NMS","137253.39952091"
"6","HVP","2026-03","PT","147194"
"6","HVP","2026-03","PT Supplement","8047.5"
"6","HVP","2026-03","PTSS served","4120"
"6","HVP","2026-03","Hypoxi","12000"
"6","HVP","2026-03","Relationship Mgr (Pro/PT)","3339"
"6","HVP","2026-03","Business Mgr (Pro/PT)","6678"
"6","HVP","2026-03","No of guests by Sales, Local MKT by club","300"
"6","HVP","2026-03","No of NMU","110"
"6","HVP","2026-03","No of new PT clients","45"
"6","HVP","2026-04","NMS","130500"
"6","HVP","2026-04","PT","142200"
"6","HVP","2026-04","Supplement","6000"
"6","HVP","2026-04","PTSS","4100"
"6","HVP","2026-04","Hypoxi","11500"
"6","HVP","2026-04","Relationship Mgr (Pro/PT)","3300"
"6","HVP","2026-04","Business Mgr (Pro/PT)","6700"
"6","HVP","2026-04","No of guests created by Pro.","291"
"6","HVP","2026-04","No of NMU","90"
"6","HVP","2026-04","No of new PT clients","40"
"6","HVP","2026-05","NMS","137000"
"6","HVP","2026-05","PT","142200"
"6","HVP","2026-05","Supplement","6000"
"6","HVP","2026-05","PTSS","4100"
"6","HVP","2026-05","Hypoxi","13500"
"6","HVP","2026-05","Relationship Mgr (Pro/PT)","3300"
"6","HVP","2026-05","Business Mgr (Pro/PT)","6700"
"6","HVP","2026-05","No of guests created by Pro.","291"
"6","HVP","2026-05","No of NMU","90"
"6","HVP","2026-05","No of new PT clients","40"
"6","HVP","2026-05","Califresh","5955.85064102564"
"6","HVP","2026-05","Retail","725"
"7","JVJ","2026-03","NMS","11415"
"7","JVJ","2026-03","PT","9601"
"7","JVJ","2026-03","PT Supplement","999"
"7","JVJ","2026-03","PTSS served","321.6"
"7","JVJ","2026-03","Hypoxi","0"
"7","JVJ","2026-03","Relationship Mgr (Pro/PT)","1201.8"
"7","JVJ","2026-03","Business Mgr (Pro/PT)","2002.8"
"7","JVJ","2026-03","No of guests by Sales, Local MKT by club","60"
"7","JVJ","2026-03","No of NMU","30"
"7","JVJ","2026-03","No of new PT clients","12"
"7","JVJ","2026-04","NMS","0"
"7","JVJ","2026-04","PT","0"
"7","JVJ","2026-04","Supplement","0"
"7","JVJ","2026-04","PTSS","0"
"7","JVJ","2026-04","Hypoxi","0"
"7","JVJ","2026-04","Relationship Mgr (Pro/PT)","0"
"7","JVJ","2026-04","Business Mgr (Pro/PT)","0"
"7","JVJ","2026-04","No of guests created by Pro.","0"
"7","JVJ","2026-04","No of NMU","0"
"7","JVJ","2026-04","No of new PT clients","0"
"7","JVJ","2026-05","NMS","0"
"7","JVJ","2026-05","PT","0"
"7","JVJ","2026-05","Supplement","0"
"7","JVJ","2026-05","PTSS","0"
"7","JVJ","2026-05","Hypoxi","0"
"7","JVJ","2026-05","Relationship Mgr (Pro/PT)","0"
"7","JVJ","2026-05","Business Mgr (Pro/PT)","0"
"7","JVJ","2026-05","No of guests created by Pro.","0"
"7","JVJ","2026-05","No of NMU","0"
"7","JVJ","2026-05","No of new PT clients","0"
"7","JVJ","2026-05","Califresh","0"
"7","JVJ","2026-05","Retail","0"
"8","LMC","2026-03","NMS","132130.821077912"
"8","LMC","2026-03","PT","142634"
"8","LMC","2026-03","PT Supplement","7492.5"
"8","LMC","2026-03","PTSS served","3245"
"8","LMC","2026-03","Hypoxi","12000"
"8","LMC","2026-03","Relationship Mgr (Pro/PT)","5342"
"8","LMC","2026-03","Business Mgr (Pro/PT)","10685"
"8","LMC","2026-03","No of guests by Sales, Local MKT by club","300"
"8","LMC","2026-03","No of NMU","110"
"8","LMC","2026-03","No of new PT clients","45"
"8","LMC","2026-04","NMS","126800"
"8","LMC","2026-04","PT","141700"
"8","LMC","2026-04","Supplement","6000"
"8","LMC","2026-04","PTSS","3900"
"8","LMC","2026-04","Hypoxi","11500"
"8","LMC","2026-04","Relationship Mgr (Pro/PT)","5300"
"8","LMC","2026-04","Business Mgr (Pro/PT)","10700"
"8","LMC","2026-04","No of guests created by Pro.","291"
"8","LMC","2026-04","No of NMU","90"
"8","LMC","2026-04","No of new PT clients","40"
"8","LMC","2026-05","NMS","130600"
"8","LMC","2026-05","PT","135000"
"8","LMC","2026-05","Supplement","6000"
"8","LMC","2026-05","PTSS","3900"
"8","LMC","2026-05","Hypoxi","11000"
"8","LMC","2026-05","Relationship Mgr (Pro/PT)","5300"
"8","LMC","2026-05","Business Mgr (Pro/PT)","10700"
"8","LMC","2026-05","No of guests created by Pro.","291"
"8","LMC","2026-05","No of NMU","90"
"8","LMC","2026-05","No of new PT clients","40"
"8","LMC","2026-05","Califresh","6350.43753561254"
"8","LMC","2026-05","Retail","700"
"9","TTC","2026-03","NMS","76700"
"9","TTC","2026-03","PT","106000"
"9","TTC","2026-03","PT Supplement","4051.5"
"9","TTC","2026-03","PTSS served","1823"
"9","TTC","2026-03","Hypoxi","9000"
"9","TTC","2026-03","Relationship Mgr (Pro/PT)","2003"
"9","TTC","2026-03","Business Mgr (Pro/PT)","3339"
"9","TTC","2026-03","No of guests by Sales, Local MKT by club","200"
"9","TTC","2026-03","No of NMU","90"
"9","TTC","2026-03","No of new PT clients","35"
"9","TTC","2026-04","NMS","75100"
"9","TTC","2026-04","PT","115000"
"9","TTC","2026-04","Supplement","6000"
"9","TTC","2026-04","PTSS","3370"
"9","TTC","2026-04","Hypoxi","9000"
"9","TTC","2026-04","Relationship Mgr (Pro/PT)","2000"
"9","TTC","2026-04","Business Mgr (Pro/PT)","3300"
"9","TTC","2026-04","No of guests created by Pro.","194"
"9","TTC","2026-04","No of NMU","70"
"9","TTC","2026-04","No of new PT clients","35"
"9","TTC","2026-05","NMS","75100"
"9","TTC","2026-05","PT","115000"
"9","TTC","2026-05","Supplement","6000"
"9","TTC","2026-05","PTSS","3370"
"9","TTC","2026-05","Hypoxi","9000"
"9","TTC","2026-05","Relationship Mgr (Pro/PT)","2000"
"9","TTC","2026-05","Business Mgr (Pro/PT)","3300"
"9","TTC","2026-05","No of guests created by Pro.","194"
"9","TTC","2026-05","No of NMU","70"
"9","TTC","2026-05","No of new PT clients","35"
"9","TTC","2026-05","Califresh","5873.22955840456"
"9","TTC","2026-05","Retail","725"
"10","VVO","2026-03","NMS","101754.40057165"
"10","VVO","2026-03","PT","121143"
"10","VVO","2026-03","PT Supplement","6650"
"10","VVO","2026-03","PTSS served","3440"
"10","VVO","2026-03","Hypoxi","12000"
"10","VVO","2026-03","Relationship Mgr (Pro/PT)","5342"
"10","VVO","2026-03","Business Mgr (Pro/PT)","10685"
"10","VVO","2026-03","No of guests by Sales, Local MKT by club","250"
"10","VVO","2026-03","No of NMU","90"
"10","VVO","2026-03","No of new PT clients","45"
"10","VVO","2026-04","NMS","98200"
"10","VVO","2026-04","PT","117800"
"10","VVO","2026-04","Supplement","6000"
"10","VVO","2026-04","PTSS","3300"
"10","VVO","2026-04","Hypoxi","11000"
"10","VVO","2026-04","Relationship Mgr (Pro/PT)","5300"
"10","VVO","2026-04","Business Mgr (Pro/PT)","10700"
"10","VVO","2026-04","No of guests created by Pro.","242.5"
"10","VVO","2026-04","No of NMU","80"
"10","VVO","2026-04","No of new PT clients","35"
"10","VVO","2026-05","NMS","100000"
"10","VVO","2026-05","PT","117800"
"10","VVO","2026-05","Supplement","6000"
"10","VVO","2026-05","PTSS","3300"
"10","VVO","2026-05","Hypoxi","10000"
"10","VVO","2026-05","Relationship Mgr (Pro/PT)","5300"
"10","VVO","2026-05","Business Mgr (Pro/PT)","10700"
"10","VVO","2026-05","No of guests created by Pro.","243"
"10","VVO","2026-05","No of NMU","80"
"10","VVO","2026-05","No of new PT clients","35"
"10","VVO","2026-05","Califresh","6038.47172364672"
"10","VVO","2026-05","Retail","700"
"34","DNG","2026-03","NMS","127642.540409975"
"34","DNG","2026-03","PT","102006"
"34","DNG","2026-03","PT Supplement","4900"
"34","DNG","2026-03","PTSS served","3214"
"34","DNG","2026-03","Hypoxi","6500"
"34","DNG","2026-03","Relationship Mgr (Pro/PT)","3339"
"34","DNG","2026-03","Business Mgr (Pro/PT)","10684"
"34","DNG","2026-03","No of guests by Sales, Local MKT by club","300"
"34","DNG","2026-03","No of NMU","110"
"34","DNG","2026-03","No of new PT clients","45"
"34","DNG","2026-04","NMS","119000"
"34","DNG","2026-04","PT","102000"
"34","DNG","2026-04","Supplement","6000"
"34","DNG","2026-04","PTSS","3000"
"34","DNG","2026-04","Hypoxi","6500"
"34","DNG","2026-04","Relationship Mgr (Pro/PT)","3300"
"34","DNG","2026-04","Business Mgr (Pro/PT)","10700"
"34","DNG","2026-04","No of guests created by Pro.","291"
"34","DNG","2026-04","No of NMU","90"
"34","DNG","2026-04","No of new PT clients","35"
"34","DNG","2026-05","NMS","110000"
"34","DNG","2026-05","PT","100000"
"34","DNG","2026-05","Supplement","6000"
"34","DNG","2026-05","PTSS","3000"
"34","DNG","2026-05","Hypoxi","6500"
"34","DNG","2026-05","Relationship Mgr (Pro/PT)","3300"
"34","DNG","2026-05","Business Mgr (Pro/PT)","10700"
"34","DNG","2026-05","No of guests created by Pro.","291"
"34","DNG","2026-05","No of NMU","90"
"34","DNG","2026-05","No of new PT clients","35"
"34","DNG","2026-05","Califresh","5307.70249287749"
"34","DNG","2026-05","Retail","700"
"35","NTC","2026-03","NMS","93463.8931859403"
"35","NTC","2026-03","PT","66352"
"35","NTC","2026-03","PT Supplement","3700"
"35","NTC","2026-03","PTSS served","2215"
"35","NTC","2026-03","Hypoxi","0"
"35","NTC","2026-03","Relationship Mgr (Pro/PT)","0"
"35","NTC","2026-03","Business Mgr (Pro/PT)","0"
"35","NTC","2026-03","No of guests by Sales, Local MKT by club","200"
"35","NTC","2026-03","No of NMU","85"
"35","NTC","2026-03","No of new PT clients","30"
"35","NTC","2026-04","NMS","88000"
"35","NTC","2026-04","PT","66500"
"35","NTC","2026-04","Supplement","3500"
"35","NTC","2026-04","PTSS","2000"
"35","NTC","2026-04","Hypoxi","0"
"35","NTC","2026-04","Relationship Mgr (Pro/PT)","0"
"35","NTC","2026-04","Business Mgr (Pro/PT)","0"
"35","NTC","2026-04","No of guests created by Pro.","194"
"35","NTC","2026-04","No of NMU","70"
"35","NTC","2026-04","No of new PT clients","24"
"35","NTC","2026-05","NMS","88000"
"35","NTC","2026-05","PT","68000"
"35","NTC","2026-05","Supplement","3500"
"35","NTC","2026-05","PTSS","2000"
"35","NTC","2026-05","Hypoxi","0"
"35","NTC","2026-05","Relationship Mgr (Pro/PT)","0"
"35","NTC","2026-05","Business Mgr (Pro/PT)","0"
"35","NTC","2026-05","No of guests created by Pro.","194"
"35","NTC","2026-05","No of NMU","70"
"35","NTC","2026-05","No of new PT clients","24"
"35","NTC","2026-05","Califresh","4807.70249287749"
"35","NTC","2026-05","Retail","550"
"12","AMU","2026-03","NMS","48000"
"12","AMU","2026-03","PT","50000"
"12","AMU","2026-03","PT Supplement","2014.27118041701"
"12","AMU","2026-03","PTSS served","1082"
"12","AMU","2026-03","Hypoxi","0"
"12","AMU","2026-03","Relationship Mgr (Pro/PT)","2003"
"12","AMU","2026-03","Business Mgr (Pro/PT)","3339"
"12","AMU","2026-03","No of guests by Sales, Local MKT by club","155"
"12","AMU","2026-03","No of NMU","70"
"12","AMU","2026-03","No of new PT clients","30"
"12","AMU","2026-04","NMS","50000"
"12","AMU","2026-04","PT","50000"
"12","AMU","2026-04","Supplement","2000"
"12","AMU","2026-04","PTSS","1200"
"12","AMU","2026-04","Hypoxi","0"
"12","AMU","2026-04","Relationship Mgr (Pro/PT)","2000"
"12","AMU","2026-04","Business Mgr (Pro/PT)","3300"
"12","AMU","2026-04","No of guests created by Pro.","150.35"
"12","AMU","2026-04","No of NMU","50"
"12","AMU","2026-04","No of new PT clients","20"
"12","AMU","2026-05","NMS","50000"
"12","AMU","2026-05","PT","50000"
"12","AMU","2026-05","Supplement","2000"
"12","AMU","2026-05","PTSS","1200"
"12","AMU","2026-05","Hypoxi","0"
"12","AMU","2026-05","Relationship Mgr (Pro/PT)","2000"
"12","AMU","2026-05","Business Mgr (Pro/PT)","3300"
"12","AMU","2026-05","No of guests created by Pro.","150"
"12","AMU","2026-05","No of NMU","50"
"12","AMU","2026-05","No of new PT clients","20"
"12","AMU","2026-05","Califresh","3076.93326210826"
"12","AMU","2026-05","Retail","525"
"13","CTC","2026-03","NMS","115000"
"13","CTC","2026-03","PT","140000"
"13","CTC","2026-03","PT Supplement","7423.51852433044"
"13","CTC","2026-03","PTSS served","3492"
"13","CTC","2026-03","Hypoxi","9000"
"13","CTC","2026-03","Relationship Mgr (Pro/PT)","3339"
"13","CTC","2026-03","Business Mgr (Pro/PT)","6678"
"13","CTC","2026-03","No of guests by Sales, Local MKT by club","300"
"13","CTC","2026-03","No of NMU","110"
"13","CTC","2026-03","No of new PT clients","45"
"13","CTC","2026-04","NMS","109400"
"13","CTC","2026-04","PT","125000"
"13","CTC","2026-04","Supplement","7200"
"13","CTC","2026-04","PTSS","3000"
"13","CTC","2026-04","Hypoxi","9000"
"13","CTC","2026-04","Relationship Mgr (Pro/PT)","3300"
"13","CTC","2026-04","Business Mgr (Pro/PT)","6700"
"13","CTC","2026-04","No of guests created by Pro.","291"
"13","CTC","2026-04","No of NMU","80"
"13","CTC","2026-04","No of new PT clients","35"
"13","CTC","2026-05","NMS","109400"
"13","CTC","2026-05","PT","118600"
"13","CTC","2026-05","Supplement","7200"
"13","CTC","2026-05","PTSS","3000"
"13","CTC","2026-05","Hypoxi","9000"
"13","CTC","2026-05","Relationship Mgr (Pro/PT)","3300"
"13","CTC","2026-05","Business Mgr (Pro/PT)","6700"
"13","CTC","2026-05","No of guests created by Pro.","291"
"13","CTC","2026-05","No of NMU","80"
"13","CTC","2026-05","No of new PT clients","35"
"13","CTC","2026-05","Califresh","5615.3948005698"
"13","CTC","2026-05","Retail","700"
"14","GDC","2026-03","NMS","47000"
"14","GDC","2026-03","PT","60000"
"14","GDC","2026-03","PT Supplement","3000"
"14","GDC","2026-03","PTSS served","1967"
"14","GDC","2026-03","Hypoxi","0"
"14","GDC","2026-03","Relationship Mgr (Pro/PT)","2003"
"14","GDC","2026-03","Business Mgr (Pro/PT)","3339"
"14","GDC","2026-03","No of guests by Sales, Local MKT by club","155"
"14","GDC","2026-03","No of NMU","70"
"14","GDC","2026-03","No of new PT clients","30"
"14","GDC","2026-04","NMS","50000"
"14","GDC","2026-04","PT","60000"
"14","GDC","2026-04","Supplement","3000"
"14","GDC","2026-04","PTSS","1700"
"14","GDC","2026-04","Hypoxi","0"
"14","GDC","2026-04","Relationship Mgr (Pro/PT)","2000"
"14","GDC","2026-04","Business Mgr (Pro/PT)","3300"
"14","GDC","2026-04","No of guests created by Pro.","150.35"
"14","GDC","2026-04","No of NMU","50"
"14","GDC","2026-04","No of new PT clients","29"
"14","GDC","2026-05","NMS","50000"
"14","GDC","2026-05","PT","110000"
"14","GDC","2026-05","Supplement","6000"
"14","GDC","2026-05","PTSS","3000"
"14","GDC","2026-05","Hypoxi","0"
"14","GDC","2026-05","Relationship Mgr (Pro/PT)","2000"
"14","GDC","2026-05","Business Mgr (Pro/PT)","3300"
"14","GDC","2026-05","No of guests created by Pro.","175"
"14","GDC","2026-05","No of NMU","50"
"14","GDC","2026-05","No of new PT clients","35"
"14","GDC","2026-05","Califresh","4438.75662393162"
"14","GDC","2026-05","Retail","575"
"15","GVC","2026-03","NMS","47000"
"15","GVC","2026-03","PT","50000"
"15","GVC","2026-03","PT Supplement","2789.84642181513"
"15","GVC","2026-03","PTSS served","1638"
"15","GVC","2026-03","Hypoxi","0"
"15","GVC","2026-03","Relationship Mgr (Pro/PT)","2003"
"15","GVC","2026-03","Business Mgr (Pro/PT)","3339"
"15","GVC","2026-03","No of guests by Sales, Local MKT by club","155"
"15","GVC","2026-03","No of NMU","70"
"15","GVC","2026-03","No of new PT clients","30"
"15","GVC","2026-04","NMS","50000"
"15","GVC","2026-04","PT","44300"
"15","GVC","2026-04","Supplement","2700"
"15","GVC","2026-04","PTSS","1300"
"15","GVC","2026-04","Hypoxi","0"
"15","GVC","2026-04","Relationship Mgr (Pro/PT)","2000"
"15","GVC","2026-04","Business Mgr (Pro/PT)","3300"
"15","GVC","2026-04","No of guests created by Pro.","150.35"
"15","GVC","2026-04","No of NMU","50"
"15","GVC","2026-04","No of new PT clients","20"
"15","GVC","2026-05","NMS","50000"
"15","GVC","2026-05","PT","50000"
"15","GVC","2026-05","Supplement","2700"
"15","GVC","2026-05","PTSS","1300"
"15","GVC","2026-05","Hypoxi","0"
"15","GVC","2026-05","Relationship Mgr (Pro/PT)","2000"
"15","GVC","2026-05","Business Mgr (Pro/PT)","3300"
"15","GVC","2026-05","No of guests created by Pro.","150"
"15","GVC","2026-05","No of NMU","50"
"15","GVC","2026-05","No of new PT clients","20"
"15","GVC","2026-05","Califresh","3884.62556980057"
"15","GVC","2026-05","Retail","625"
"16","PCO","2026-03","NMS","115000"
"16","PCO","2026-03","PT","110000"
"16","PCO","2026-03","PT Supplement","6339.29703367344"
"16","PCO","2026-03","PTSS served","2936"
"16","PCO","2026-03","Hypoxi","12000"
"16","PCO","2026-03","Relationship Mgr (Pro/PT)","5342"
"16","PCO","2026-03","Business Mgr (Pro/PT)","10684"
"16","PCO","2026-03","No of guests by Sales, Local MKT by club","300"
"16","PCO","2026-03","No of NMU","110"
"16","PCO","2026-03","No of new PT clients","45"
"16","PCO","2026-04","NMS","111000"
"16","PCO","2026-04","PT","105900"
"16","PCO","2026-04","Supplement","6100"
"16","PCO","2026-04","PTSS","2700"
"16","PCO","2026-04","Hypoxi","11500"
"16","PCO","2026-04","Relationship Mgr (Pro/PT)","5300"
"16","PCO","2026-04","Business Mgr (Pro/PT)","10700"
"16","PCO","2026-04","No of guests created by Pro.","291"
"16","PCO","2026-04","No of NMU","90"
"16","PCO","2026-04","No of new PT clients","35"
"16","PCO","2026-05","NMS","105000"
"16","PCO","2026-05","PT","105000"
"16","PCO","2026-05","Supplement","6100"
"16","PCO","2026-05","PTSS","2700"
"16","PCO","2026-05","Hypoxi","11000"
"16","PCO","2026-05","Relationship Mgr (Pro/PT)","5300"
"16","PCO","2026-05","Business Mgr (Pro/PT)","10700"
"16","PCO","2026-05","No of guests created by Pro.","291"
"16","PCO","2026-05","No of NMU","90"
"16","PCO","2026-05","No of new PT clients","35"
"16","PCO","2026-05","Califresh","5797.73098290598"
"16","PCO","2026-05","Retail","725"
"17","PPC","2026-03","NMS","0"
"17","PPC","2026-03","PT","0"
"17","PPC","2026-03","PT Supplement","0"
"17","PPC","2026-03","PTSS served","0"
"17","PPC","2026-03","Hypoxi","0"
"17","PPC","2026-03","Relationship Mgr (Pro/PT)","0"
"17","PPC","2026-03","Business Mgr (Pro/PT)","0"
"17","PPC","2026-03","No of guests by Sales, Local MKT by club","0"
"17","PPC","2026-03","No of NMU","0"
"17","PPC","2026-03","No of new PT clients","0"
"17","PPC","2026-04","NMS","0"
"17","PPC","2026-04","PT","0"
"17","PPC","2026-04","Supplement","0"
"17","PPC","2026-04","PTSS","0"
"17","PPC","2026-04","Hypoxi","0"
"17","PPC","2026-04","Relationship Mgr (Pro/PT)","0"
"17","PPC","2026-04","Business Mgr (Pro/PT)","0"
"17","PPC","2026-04","No of guests created by Pro.","0"
"17","PPC","2026-04","No of NMU","0"
"17","PPC","2026-04","No of new PT clients","0"
"17","PPC","2026-05","NMS","0"
"17","PPC","2026-05","PT","0"
"17","PPC","2026-05","Supplement","0"
"17","PPC","2026-05","PTSS","0"
"17","PPC","2026-05","Hypoxi","0"
"17","PPC","2026-05","Relationship Mgr (Pro/PT)","0"
"17","PPC","2026-05","Business Mgr (Pro/PT)","0"
"17","PPC","2026-05","No of guests created by Pro.","0"
"17","PPC","2026-05","No of NMU","0"
"17","PPC","2026-05","No of new PT clients","0"
"17","PPC","2026-05","Califresh","0"
"17","PPC","2026-05","Retail","0"
"18","SCC","2026-03","NMS","80500"
"18","SCC","2026-03","PT","101500"
"18","SCC","2026-03","PT Supplement","5910.91722586695"
"18","SCC","2026-03","PTSS served","2394"
"18","SCC","2026-03","Hypoxi","9800"
"18","SCC","2026-03","Relationship Mgr (Pro/PT)","3739.4"
"18","SCC","2026-03","Business Mgr (Pro/PT)","6731.34"
"18","SCC","2026-03","No of guests by Sales, Local MKT by club","210"
"18","SCC","2026-03","No of NMU","77"
"18","SCC","2026-03","No of new PT clients","31.5"
"18","SCC","2026-04","NMS","0"
"18","SCC","2026-04","PT","50000"
"18","SCC","2026-04","Supplement","0"
"18","SCC","2026-04","PTSS","0"
"18","SCC","2026-04","Hypoxi","2000"
"18","SCC","2026-04","Relationship Mgr (Pro/PT)","0"
"18","SCC","2026-04","Business Mgr (Pro/PT)","0"
"18","SCC","2026-04","No of guests created by Pro.","0"
"18","SCC","2026-04","No of NMU","0"
"18","SCC","2026-04","No of new PT clients","0"
"18","SCC","2026-05","NMS","0"
"18","SCC","2026-05","PT","0"
"18","SCC","2026-05","Supplement","0"
"18","SCC","2026-05","PTSS","0"
"18","SCC","2026-05","Hypoxi","0"
"18","SCC","2026-05","Relationship Mgr (Pro/PT)","0"
"18","SCC","2026-05","Business Mgr (Pro/PT)","0"
"18","SCC","2026-05","No of guests created by Pro.","0"
"18","SCC","2026-05","No of NMU","0"
"18","SCC","2026-05","No of new PT clients","0"
"18","SCC","2026-05","Califresh","0"
"18","SCC","2026-05","Retail","0"
"19","TDC","2026-03","NMS","79000"
"19","TDC","2026-03","PT","130000"
"19","TDC","2026-03","PT Supplement","4500"
"19","TDC","2026-03","PTSS served","3245"
"19","TDC","2026-03","Hypoxi","0"
"19","TDC","2026-03","Relationship Mgr (Pro/PT)","2003"
"19","TDC","2026-03","Business Mgr (Pro/PT)","3339"
"19","TDC","2026-03","No of guests by Sales, Local MKT by club","155"
"19","TDC","2026-03","No of NMU","90"
"19","TDC","2026-03","No of new PT clients","45"
"19","TDC","2026-04","NMS","85000"
"19","TDC","2026-04","PT","123000"
"19","TDC","2026-04","Supplement","6000"
"19","TDC","2026-04","PTSS","3500"
"19","TDC","2026-04","Hypoxi","0"
"19","TDC","2026-04","Relationship Mgr (Pro/PT)","2000"
"19","TDC","2026-04","Business Mgr (Pro/PT)","3300"
"19","TDC","2026-04","No of guests created by Pro.","150.35"
"19","TDC","2026-04","No of NMU","70"
"19","TDC","2026-04","No of new PT clients","35"
"19","TDC","2026-05","NMS","79900"
"19","TDC","2026-05","PT","115000"
"19","TDC","2026-05","Supplement","6000"
"19","TDC","2026-05","PTSS","3500"
"19","TDC","2026-05","Hypoxi","0"
"19","TDC","2026-05","Relationship Mgr (Pro/PT)","2000"
"19","TDC","2026-05","Business Mgr (Pro/PT)","3300"
"19","TDC","2026-05","No of guests created by Pro.","150"
"19","TDC","2026-05","No of NMU","70"
"19","TDC","2026-05","No of new PT clients","35"
"19","TDC","2026-05","Califresh","4615.3948005698"
"19","TDC","2026-05","Retail","625"
"20","TDU","2026-03","NMS","75000"
"20","TDU","2026-03","PT","100000"
"20","TDU","2026-03","PT Supplement","4113.53982595488"
"20","TDU","2026-03","PTSS served","2647"
"20","TDU","2026-03","Hypoxi","9000"
"20","TDU","2026-03","Relationship Mgr (Pro/PT)","5342"
"20","TDU","2026-03","Business Mgr (Pro/PT)","10684"
"20","TDU","2026-03","No of guests by Sales, Local MKT by club","250"
"20","TDU","2026-03","No of NMU","90"
"20","TDU","2026-03","No of new PT clients","37"
"20","TDU","2026-04","NMS","82500"
"20","TDU","2026-04","PT","110000"
"20","TDU","2026-04","Supplement","4800"
"20","TDU","2026-04","PTSS","4050"
"20","TDU","2026-04","Hypoxi","9000"
"20","TDU","2026-04","Relationship Mgr (Pro/PT)","5300"
"20","TDU","2026-04","Business Mgr (Pro/PT)","20000"
"20","TDU","2026-04","No of guests created by Pro.","242.5"
"20","TDU","2026-04","No of NMU","70"
"20","TDU","2026-04","No of new PT clients","35"
"20","TDU","2026-05","NMS","92000"
"20","TDU","2026-05","PT","120000"
"20","TDU","2026-05","Supplement","4800"
"20","TDU","2026-05","PTSS","4100"
"20","TDU","2026-05","Hypoxi","9000"
"20","TDU","2026-05","Relationship Mgr (Pro/PT)","5300"
"20","TDU","2026-05","Business Mgr (Pro/PT)","15000"
"20","TDU","2026-05","No of guests created by Pro.","243"
"20","TDU","2026-05","No of NMU","70"
"20","TDU","2026-05","No of new PT clients","35"
"20","TDU","2026-05","Califresh","6672.37485754986"
"20","TDU","2026-05","Retail","725"
"21","PBH","2026-03","NMS","56000"
"21","PBH","2026-03","PT","55000"
"21","PBH","2026-03","PT Supplement","2796.87740016548"
"21","PBH","2026-03","PTSS served","1329"
"21","PBH","2026-03","Hypoxi","0"
"21","PBH","2026-03","Relationship Mgr (Pro/PT)","2003"
"21","PBH","2026-03","Business Mgr (Pro/PT)","3339"
"21","PBH","2026-03","No of guests by Sales, Local MKT by club","155"
"21","PBH","2026-03","No of NMU","70"
"21","PBH","2026-03","No of new PT clients","30"
"21","PBH","2026-04","NMS","60000"
"21","PBH","2026-04","PT","52800"
"21","PBH","2026-04","Supplement","2700"
"21","PBH","2026-04","PTSS","1200"
"21","PBH","2026-04","Hypoxi","0"
"21","PBH","2026-04","Relationship Mgr (Pro/PT)","2000"
"21","PBH","2026-04","Business Mgr (Pro/PT)","3300"
"21","PBH","2026-04","No of guests created by Pro.","150.35"
"21","PBH","2026-04","No of NMU","50"
"21","PBH","2026-04","No of new PT clients","20"
"21","PBH","2026-05","NMS","60000"
"21","PBH","2026-05","PT","52800"
"21","PBH","2026-05","Supplement","2700"
"21","PBH","2026-05","PTSS","1200"
"21","PBH","2026-05","Hypoxi","0"
"21","PBH","2026-05","Relationship Mgr (Pro/PT)","2000"
"21","PBH","2026-05","Business Mgr (Pro/PT)","3300"
"21","PBH","2026-05","No of guests created by Pro.","150"
"21","PBH","2026-05","No of NMU","50"
"21","PBH","2026-05","No of new PT clients","20"
"21","PBH","2026-05","Califresh","2230.77941595442"
"21","PBH","2026-05","Retail","575"
"23","CPT","2026-03","NMS","99561.536275317"
"23","CPT","2026-03","PT","110947.55144488"
"23","CPT","2026-03","PT Supplement","5640.50157234532"
"23","CPT","2026-03","PTSS served","3080"
"23","CPT","2026-03","Hypoxi","0"
"23","CPT","2026-03","Relationship Mgr (Pro/PT)","3339"
"23","CPT","2026-03","Business Mgr (Pro/PT)","6678"
"23","CPT","2026-03","No of guests by Sales, Local MKT by club","300"
"23","CPT","2026-03","No of NMU","110"
"23","CPT","2026-03","No of new PT clients","45"
"23","CPT","2026-04","NMS","99999"
"23","CPT","2026-04","PT","115000"
"23","CPT","2026-04","Supplement","6000"
"23","CPT","2026-04","PTSS","3000"
"23","CPT","2026-04","Hypoxi","0"
"23","CPT","2026-04","Relationship Mgr (Pro/PT)","3300"
"23","CPT","2026-04","Business Mgr (Pro/PT)","6700"
"23","CPT","2026-04","No of guests created by Pro.","291"
"23","CPT","2026-04","No of NMU","70"
"23","CPT","2026-04","No of new PT clients","35"
"23","CPT","2026-05","NMS","100000"
"23","CPT","2026-05","PT","115000"
"23","CPT","2026-05","Supplement","6000"
"23","CPT","2026-05","PTSS","3000"
"23","CPT","2026-05","Hypoxi","0"
"23","CPT","2026-05","Relationship Mgr (Pro/PT)","3300"
"23","CPT","2026-05","Business Mgr (Pro/PT)","6700"
"23","CPT","2026-05","No of guests created by Pro.","291"
"23","CPT","2026-05","No of NMU","70"
"23","CPT","2026-05","No of new PT clients","35"
"23","CPT","2026-05","Califresh","5220.80790598291"
"23","CPT","2026-05","Retail","725"
"25","HDY","2026-03","NMS","62317.4939076778"
"25","HDY","2026-03","PT","51576.1974344381"
"25","HDY","2026-03","PT Supplement","2132.63607627858"
"25","HDY","2026-03","PTSS served","1473"
"25","HDY","2026-03","Hypoxi","0"
"25","HDY","2026-03","Relationship Mgr (Pro/PT)","2004"
"25","HDY","2026-03","Business Mgr (Pro/PT)","3339"
"25","HDY","2026-03","No of guests by Sales, Local MKT by club","155"
"25","HDY","2026-03","No of NMU","80"
"25","HDY","2026-03","No of new PT clients","20"
"25","HDY","2026-04","NMS","57000"
"25","HDY","2026-04","PT","49500"
"25","HDY","2026-04","Supplement","3000"
"25","HDY","2026-04","PTSS","1400"
"25","HDY","2026-04","Hypoxi","0"
"25","HDY","2026-04","Relationship Mgr (Pro/PT)","2000"
"25","HDY","2026-04","Business Mgr (Pro/PT)","3300"
"25","HDY","2026-04","No of guests created by Pro.","150.35"
"25","HDY","2026-04","No of NMU","60"
"25","HDY","2026-04","No of new PT clients","24"
"25","HDY","2026-05","NMS","52000"
"25","HDY","2026-05","PT","49000"
"25","HDY","2026-05","Supplement","3000"
"25","HDY","2026-05","PTSS","1400"
"25","HDY","2026-05","Hypoxi","0"
"25","HDY","2026-05","Relationship Mgr (Pro/PT)","2000"
"25","HDY","2026-05","Business Mgr (Pro/PT)","3300"
"25","HDY","2026-05","No of guests created by Pro.","150"
"25","HDY","2026-05","No of NMU","60"
"25","HDY","2026-05","No of new PT clients","24"
"25","HDY","2026-05","Califresh","1894.59707977208"
"25","HDY","2026-05","Retail","550"
"26","MAC","2026-03","NMS","52952.1712550793"
"26","MAC","2026-03","PT","49303.7837820132"
"26","MAC","2026-03","PT Supplement","2714.54087376623"
"26","MAC","2026-03","PTSS served","1288"
"26","MAC","2026-03","Hypoxi","0"
"26","MAC","2026-03","Relationship Mgr (Pro/PT)","2004"
"26","MAC","2026-03","Business Mgr (Pro/PT)","3339"
"26","MAC","2026-03","No of guests by Sales, Local MKT by club","155"
"26","MAC","2026-03","No of NMU","80"
"26","MAC","2026-03","No of new PT clients","25"
"26","MAC","2026-04","NMS","52000"
"26","MAC","2026-04","PT","48500"
"26","MAC","2026-04","Supplement","2500"
"26","MAC","2026-04","PTSS","1300"
"26","MAC","2026-04","Hypoxi","0"
"26","MAC","2026-04","Relationship Mgr (Pro/PT)","2000"
"26","MAC","2026-04","Business Mgr (Pro/PT)","3300"
"26","MAC","2026-04","No of guests created by Pro.","150.35"
"26","MAC","2026-04","No of NMU","70"
"26","MAC","2026-04","No of new PT clients","24"
"26","MAC","2026-05","NMS","50000"
"26","MAC","2026-05","PT","49000"
"26","MAC","2026-05","Supplement","2500"
"26","MAC","2026-05","PTSS","1300"
"26","MAC","2026-05","Hypoxi","0"
"26","MAC","2026-05","Relationship Mgr (Pro/PT)","2000"
"26","MAC","2026-05","Business Mgr (Pro/PT)","3300"
"26","MAC","2026-05","No of guests created by Pro.","150"
"26","MAC","2026-05","No of NMU","70"
"26","MAC","2026-05","No of new PT clients","24"
"26","MAC","2026-05","Califresh","2307.70249287749"
"26","MAC","2026-05","Retail","550"
"27","MPC","2026-03","NMS","103437.366725679"
"27","MPC","2026-03","PT","97588.8777478285"
"27","MPC","2026-03","PT Supplement","4838.51351200058"
"27","MPC","2026-03","PTSS served","2235"
"27","MPC","2026-03","Hypoxi","5000"
"27","MPC","2026-03","Relationship Mgr (Pro/PT)","3339"
"27","MPC","2026-03","Business Mgr (Pro/PT)","6678"
"27","MPC","2026-03","No of guests by Sales, Local MKT by club","300"
"27","MPC","2026-03","No of NMU","105"
"27","MPC","2026-03","No of new PT clients","37"
"27","MPC","2026-04","NMS","99999"
"27","MPC","2026-04","PT","92000"
"27","MPC","2026-04","Supplement","3000"
"27","MPC","2026-04","PTSS","2100"
"27","MPC","2026-04","Hypoxi","5000"
"27","MPC","2026-04","Relationship Mgr (Pro/PT)","3300"
"27","MPC","2026-04","Business Mgr (Pro/PT)","6700"
"27","MPC","2026-04","No of guests created by Pro.","291"
"27","MPC","2026-04","No of NMU","70"
"27","MPC","2026-04","No of new PT clients","29"
"27","MPC","2026-05","NMS","100000"
"27","MPC","2026-05","PT","85000"
"27","MPC","2026-05","Supplement","3000"
"27","MPC","2026-05","PTSS","2100"
"27","MPC","2026-05","Hypoxi","5000"
"27","MPC","2026-05","Relationship Mgr (Pro/PT)","3300"
"27","MPC","2026-05","Business Mgr (Pro/PT)","6700"
"27","MPC","2026-05","No of guests created by Pro.","291"
"27","MPC","2026-05","No of NMU","70"
"27","MPC","2026-05","No of new PT clients","29"
"27","MPC","2026-05","Califresh","3346.16403133903"
"27","MPC","2026-05","Retail","700"
"28","PCH","2026-03","NMS","58166.4507451266"
"28","PCH","2026-03","PT","44874.7484099779"
"28","PCH","2026-03","PT Supplement","2468.4833530976"
"28","PCH","2026-03","PTSS served","1432"
"28","PCH","2026-03","Hypoxi","0"
"28","PCH","2026-03","Relationship Mgr (Pro/PT)","2004"
"28","PCH","2026-03","Business Mgr (Pro/PT)","3339"
"28","PCH","2026-03","No of guests by Sales, Local MKT by club","250"
"28","PCH","2026-03","No of NMU","100"
"28","PCH","2026-03","No of new PT clients","30"
"28","PCH","2026-04","NMS","57000"
"28","PCH","2026-04","PT","45500"
"28","PCH","2026-04","Supplement","2500"
"28","PCH","2026-04","PTSS","1250"
"28","PCH","2026-04","Hypoxi","0"
"28","PCH","2026-04","Relationship Mgr (Pro/PT)","2000"
"28","PCH","2026-04","Business Mgr (Pro/PT)","3300"
"28","PCH","2026-04","No of guests created by Pro.","242.5"
"28","PCH","2026-04","No of NMU","70"
"28","PCH","2026-04","No of new PT clients","24"
"28","PCH","2026-05","NMS","55000"
"28","PCH","2026-05","PT","48000"
"28","PCH","2026-05","Supplement","2500"
"28","PCH","2026-05","PTSS","1250"
"28","PCH","2026-05","Hypoxi","0"
"28","PCH","2026-05","Relationship Mgr (Pro/PT)","2000"
"28","PCH","2026-05","Business Mgr (Pro/PT)","3300"
"28","PCH","2026-05","No of guests created by Pro.","243"
"28","PCH","2026-05","No of NMU","70"
"28","PCH","2026-05","No of new PT clients","24"
"28","PCH","2026-05","Califresh","2509.98169515669"
"28","PCH","2026-05","Retail","625"
"29","RCC","2026-03","NMS","103880.176605373"
"29","RCC","2026-03","PT","95066.4242298304"
"29","RCC","2026-03","PT Supplement","4859.4007704767"
"29","RCC","2026-03","PTSS served","2874"
"29","RCC","2026-03","Hypoxi","0"
"29","RCC","2026-03","Relationship Mgr (Pro/PT)","5342"
"29","RCC","2026-03","Business Mgr (Pro/PT)","10684"
"29","RCC","2026-03","No of guests by Sales, Local MKT by club","300"
"29","RCC","2026-03","No of NMU","110"
"29","RCC","2026-03","No of new PT clients","37"
"29","RCC","2026-04","NMS","95000"
"29","RCC","2026-04","PT","92000"
"29","RCC","2026-04","Supplement","3000"
"29","RCC","2026-04","PTSS","2550"
"29","RCC","2026-04","Hypoxi","0"
"29","RCC","2026-04","Relationship Mgr (Pro/PT)","5300"
"29","RCC","2026-04","Business Mgr (Pro/PT)","10700"
"29","RCC","2026-04","No of guests created by Pro.","291"
"29","RCC","2026-04","No of NMU","70"
"29","RCC","2026-04","No of new PT clients","29"
"29","RCC","2026-05","NMS","92000"
"29","RCC","2026-05","PT","92000"
"29","RCC","2026-05","Supplement","3000"
"29","RCC","2026-05","PTSS","2550"
"29","RCC","2026-05","Hypoxi","0"
"29","RCC","2026-05","Relationship Mgr (Pro/PT)","5300"
"29","RCC","2026-05","Business Mgr (Pro/PT)","10700"
"29","RCC","2026-05","No of guests created by Pro.","291"
"29","RCC","2026-05","No of NMU","70"
"29","RCC","2026-05","No of new PT clients","29"
"29","RCC","2026-05","Califresh","4643.88482905983"
"29","RCC","2026-05","Retail","725"
"30","SCT","2026-03","NMS","138590.125435914"
"30","SCT","2026-03","PT","111504.227209825"
"30","SCT","2026-03","PT Supplement","7237.36654425443"
"30","SCT","2026-03","PTSS served","3059"
"30","SCT","2026-03","Hypoxi","13000"
"30","SCT","2026-03","Relationship Mgr (Pro/PT)","3339"
"30","SCT","2026-03","Business Mgr (Pro/PT)","6678"
"30","SCT","2026-03","No of guests by Sales, Local MKT by club","300"
"30","SCT","2026-03","No of NMU","110"
"30","SCT","2026-03","No of new PT clients","45"
"30","SCT","2026-04","NMS","131000"
"30","SCT","2026-04","PT","109500"
"30","SCT","2026-04","Supplement","6000"
"30","SCT","2026-04","PTSS","3000"
"30","SCT","2026-04","Hypoxi","13000"
"30","SCT","2026-04","Relationship Mgr (Pro/PT)","3300"
"30","SCT","2026-04","Business Mgr (Pro/PT)","6700"
"30","SCT","2026-04","No of guests created by Pro.","291"
"30","SCT","2026-04","No of NMU","90"
"30","SCT","2026-04","No of new PT clients","35"
"30","SCT","2026-05","NMS","135000"
"30","SCT","2026-05","PT","109500"
"30","SCT","2026-05","Supplement","6000"
"30","SCT","2026-05","PTSS","2900"
"30","SCT","2026-05","Hypoxi","13000"
"30","SCT","2026-05","Relationship Mgr (Pro/PT)","3300"
"30","SCT","2026-05","Business Mgr (Pro/PT)","6700"
"30","SCT","2026-05","No of guests created by Pro.","291"
"30","SCT","2026-05","No of NMU","90"
"30","SCT","2026-05","No of new PT clients","35"
"30","SCT","2026-05","Califresh","5423.08710826211"
"30","SCT","2026-05","Retail","725"
"31","TCM","2026-03","NMS","138910.0839303"
"31","TCM","2026-03","PT","136797.647928119"
"31","TCM","2026-03","PT Supplement","7365.82565659882"
"31","TCM","2026-03","PTSS served","3481"
"31","TCM","2026-03","Hypoxi","13000"
"31","TCM","2026-03","Relationship Mgr (Pro/PT)","3339"
"31","TCM","2026-03","Business Mgr (Pro/PT)","6678"
"31","TCM","2026-03","No of guests by Sales, Local MKT by club","300"
"31","TCM","2026-03","No of NMU","110"
"31","TCM","2026-03","No of new PT clients","45"
"31","TCM","2026-04","NMS","131000"
"31","TCM","2026-04","PT","125000"
"31","TCM","2026-04","Supplement","6000"
"31","TCM","2026-04","PTSS","3300"
"31","TCM","2026-04","Hypoxi","13000"
"31","TCM","2026-04","Relationship Mgr (Pro/PT)","3300"
"31","TCM","2026-04","Business Mgr (Pro/PT)","6700"
"31","TCM","2026-04","No of guests created by Pro.","291"
"31","TCM","2026-04","No of NMU","90"
"31","TCM","2026-04","No of new PT clients","35"
"31","TCM","2026-05","NMS","131000"
"31","TCM","2026-05","PT","125000"
"31","TCM","2026-05","Supplement","6000"
"31","TCM","2026-05","PTSS","3300"
"31","TCM","2026-05","Hypoxi","13000"
"31","TCM","2026-05","Relationship Mgr (Pro/PT)","3300"
"31","TCM","2026-05","Business Mgr (Pro/PT)","6700"
"31","TCM","2026-05","No of guests created by Pro.","291"
"31","TCM","2026-05","No of NMU","90"
"31","TCM","2026-05","No of new PT clients","35"
"31","TCM","2026-05","Califresh","5000.01018518519"
"31","TCM","2026-05","Retail","725"
"32","VSC","2026-03","NMS","81390.3435713371"
"32","VSC","2026-03","PT","79457.772421187"
"32","VSC","2026-03","PT Supplement","3843.24459828181"
"32","VSC","2026-03","PTSS served","1967"
"32","VSC","2026-03","Hypoxi","0"
"32","VSC","2026-03","Relationship Mgr (Pro/PT)","2004"
"32","VSC","2026-03","Business Mgr (Pro/PT)","3339"
"32","VSC","2026-03","No of guests by Sales, Local MKT by club","220"
"32","VSC","2026-03","No of NMU","90"
"32","VSC","2026-03","No of new PT clients","32"
"32","VSC","2026-04","NMS","75000"
"32","VSC","2026-04","PT","79500"
"32","VSC","2026-04","Supplement","3500"
"32","VSC","2026-04","PTSS","2100"
"32","VSC","2026-04","Hypoxi","0"
"32","VSC","2026-04","Relationship Mgr (Pro/PT)","2000"
"32","VSC","2026-04","Business Mgr (Pro/PT)","3300"
"32","VSC","2026-04","No of guests created by Pro.","213.4"
"32","VSC","2026-04","No of NMU","70"
"32","VSC","2026-04","No of new PT clients","24"
"32","VSC","2026-05","NMS","69000"
"32","VSC","2026-05","PT","75000"
"32","VSC","2026-05","Supplement","3500"
"32","VSC","2026-05","PTSS","2100"
"32","VSC","2026-05","Hypoxi","0"
"32","VSC","2026-05","Relationship Mgr (Pro/PT)","2000"
"32","VSC","2026-05","Business Mgr (Pro/PT)","3300"
"32","VSC","2026-05","No of guests created by Pro.","213"
"32","VSC","2026-05","No of NMU","70"
"32","VSC","2026-05","No of new PT clients","24"
"32","VSC","2026-05","Califresh","3461.54864672365"
"32","VSC","2026-05","Retail","575"
"33","WPC","2026-03","NMS","125904.251548195"
"33","WPC","2026-03","PT","136492.769391902"
"33","WPC","2026-03","PT Supplement","5249.48704289993"
"33","WPC","2026-03","PTSS served","2925"
"33","WPC","2026-03","Hypoxi","11000"
"33","WPC","2026-03","Relationship Mgr (Pro/PT)","5342"
"33","WPC","2026-03","Business Mgr (Pro/PT)","10684"
"33","WPC","2026-03","No of guests by Sales, Local MKT by club","300"
"33","WPC","2026-03","No of NMU","110"
"33","WPC","2026-03","No of new PT clients","45"
"33","WPC","2026-04","NMS","120000"
"33","WPC","2026-04","PT","125000"
"33","WPC","2026-04","Supplement","6000"
"33","WPC","2026-04","PTSS","3300"
"33","WPC","2026-04","Hypoxi","11000"
"33","WPC","2026-04","Relationship Mgr (Pro/PT)","5300"
"33","WPC","2026-04","Business Mgr (Pro/PT)","10700"
"33","WPC","2026-04","No of guests created by Pro.","291"
"33","WPC","2026-04","No of NMU","80"
"33","WPC","2026-04","No of new PT clients","35"
"33","WPC","2026-05","NMS","115000"
"33","WPC","2026-05","PT","119000"
"33","WPC","2026-05","Supplement","6000"
"33","WPC","2026-05","PTSS","2900"
"33","WPC","2026-05","Hypoxi","11000"
"33","WPC","2026-05","Relationship Mgr (Pro/PT)","5300"
"33","WPC","2026-05","Business Mgr (Pro/PT)","10700"
"33","WPC","2026-05","No of guests created by Pro.","291"
"33","WPC","2026-05","No of NMU","80"
"33","WPC","2026-05","No of new PT clients","35"
"33","WPC","2026-05","Califresh","3846.16403133903"
"33","WPC","2026-05","Retail","700"
"3","CVC","2026-03","NMS","32431.1809803442"
"3","CVC","2026-03","PT","30949.8781426442"
"3","CVC","2026-03","PT Supplement","1492.66229137998"
"3","CVC","2026-03","PTSS served","1061"
"3","CVC","2026-03","Hypoxi","0"
"3","CVC","2026-03","Relationship Mgr (Pro/PT)","0"
"3","CVC","2026-03","Business Mgr (Pro/PT)","0"
"3","CVC","2026-03","No of guests by Sales, Local MKT by club","200"
"3","CVC","2026-03","No of NMU","70"
"3","CVC","2026-03","No of new PT clients","25"
"3","CVC","2026-04","NMS","32400"
"3","CVC","2026-04","PT","30400"
"3","CVC","2026-04","Supplement","1400"
"3","CVC","2026-04","PTSS","940"
"3","CVC","2026-04","Hypoxi","0"
"3","CVC","2026-04","Relationship Mgr (Pro/PT)","0"
"3","CVC","2026-04","Business Mgr (Pro/PT)","0"
"3","CVC","2026-04","No of guests created by Pro.","194"
"3","CVC","2026-04","No of NMU","60"
"3","CVC","2026-04","No of new PT clients","20"
"3","CVC","2026-05","NMS","0"
"3","CVC","2026-05","PT","0"
"3","CVC","2026-05","Supplement","0"
"3","CVC","2026-05","PTSS","0"
"3","CVC","2026-05","Hypoxi","0"
"3","CVC","2026-05","Relationship Mgr (Pro/PT)","0"
"3","CVC","2026-05","Business Mgr (Pro/PT)","0"
"3","CVC","2026-05","No of guests created by Pro.","0"
"3","CVC","2026-05","No of NMU","0"
"3","CVC","2026-05","No of new PT clients","0"
"3","CVC","2026-05","Califresh","0"
"3","CVC","2026-05","Retail","0"
"22","VTC","2026-03","NMS","30429.9853193051"
"22","VTC","2026-03","PT","35422.8975300203"
"22","VTC","2026-03","PT Supplement","2141.27772485092"
"22","VTC","2026-03","PTSS served","1154"
"22","VTC","2026-03","Hypoxi","0"
"22","VTC","2026-03","Relationship Mgr (Pro/PT)","0"
"22","VTC","2026-03","Business Mgr (Pro/PT)","0"
"22","VTC","2026-03","No of guests by Sales, Local MKT by club","200"
"22","VTC","2026-03","No of NMU","70"
"22","VTC","2026-03","No of new PT clients","30"
"22","VTC","2026-04","NMS","29100"
"22","VTC","2026-04","PT","33900"
"22","VTC","2026-04","Supplement","2100"
"22","VTC","2026-04","PTSS","940"
"22","VTC","2026-04","Hypoxi","0"
"22","VTC","2026-04","Relationship Mgr (Pro/PT)","0"
"22","VTC","2026-04","Business Mgr (Pro/PT)","0"
"22","VTC","2026-04","No of guests created by Pro.","194"
"22","VTC","2026-04","No of NMU","60"
"22","VTC","2026-04","No of new PT clients","20"
"22","VTC","2026-05","NMS","35000"
"22","VTC","2026-05","PT","33900"
"22","VTC","2026-05","Supplement","2100"
"22","VTC","2026-05","PTSS","940"
"22","VTC","2026-05","Hypoxi","0"
"22","VTC","2026-05","Relationship Mgr (Pro/PT)","0"
"22","VTC","2026-05","Business Mgr (Pro/PT)","0"
"22","VTC","2026-05","No of guests created by Pro.","194"
"22","VTC","2026-05","No of NMU","60"
"22","VTC","2026-05","No of new PT clients","20"
"22","VTC","2026-05","Califresh","1651.00733618234"
"22","VTC","2026-05","Retail","525"
"24","HDC","2026-03","NMS","82368.8337003507"
"24","HDC","2026-03","PT","88127.2243273356"
"24","HDC","2026-03","PT Supplement","4606.0599837691"
"24","HDC","2026-03","PTSS served","2163"
"24","HDC","2026-03","Hypoxi","0"
"24","HDC","2026-03","Relationship Mgr (Pro/PT)","5342"
"24","HDC","2026-03","Business Mgr (Pro/PT)","10685"
"24","HDC","2026-03","No of guests by Sales, Local MKT by club","300"
"24","HDC","2026-03","No of NMU","105"
"24","HDC","2026-03","No of new PT clients","37"
"24","HDC","2026-04","NMS","82400"
"24","HDC","2026-04","PT","85000"
"24","HDC","2026-04","Supplement","3500"
"24","HDC","2026-04","PTSS","2100"
"24","HDC","2026-04","Hypoxi","0"
"24","HDC","2026-04","Relationship Mgr (Pro/PT)","5300"
"24","HDC","2026-04","Business Mgr (Pro/PT)","10700"
"24","HDC","2026-04","No of guests created by Pro.","291"
"24","HDC","2026-04","No of NMU","70"
"24","HDC","2026-04","No of new PT clients","29"
"24","HDC","2026-05","NMS","82400"
"24","HDC","2026-05","PT","85000"
"24","HDC","2026-05","Supplement","3500"
"24","HDC","2026-05","PTSS","2100"
"24","HDC","2026-05","Hypoxi","0"
"24","HDC","2026-05","Relationship Mgr (Pro/PT)","5300"
"24","HDC","2026-05","Business Mgr (Pro/PT)","10700"
"24","HDC","2026-05","No of guests created by Pro.","291"
"24","HDC","2026-05","No of NMU","70"
"24","HDC","2026-05","No of new PT clients","29"
"24","HDC","2026-05","Califresh","4423.08710826211"
"24","HDC","2026-05","Retail","700"